Location,Name,Frequency,Duplex,Offset,Tone,rToneFreq,cToneFreq,DtcsCode,DtcsPolarity,RxDtcsCode,CrossMode,Mode,TStep,Skip,Power,Comment,URCALL,RPT1CALL,RPT2CALL,DVCODE
1,PMR1,446.006250,,0.000000,,88.5,88.5,023,NN,023,Tone->Tone,NFM,5.00,,5.0W,,,,,
2,PMR1-01,446.006250,,0.000000,TSQL,88.5,67.0,023,NN,023,Tone->Tone,NFM,5.00,,5.0W,,,,,
3,PMR1-02,446.006250,,0.000000,TSQL,88.5,71.9,023,NN,023,Tone->Tone,NFM,5.00,,5.0W,,,,,
4,PMR1-03,446.006250,,0.000000,TSQL,88.5,74.4,023,NN,023,Tone->Tone,NFM,5.00,,5.0W,,,,,
5,PMR1-04,446.006250,,0.000000,TSQL,88.5,77.0,023,NN,023,Tone->Tone,NFM,5.00,,5.0W,,,,,
6,PMR1-05,446.006250,,0.000000,TSQL,88.5,79.7,023,NN,023,Tone->Tone,NFM,5.00,,5.0W,,,,,
7,PMR1-06,446.006250,,0.000000,TSQL,88.5,82.5,023,NN,023,Tone->Tone,NFM,5.00,,5.0W,,,,,
8,PMR1-07,446.006250,,0.000000,TSQL,88.5,85.4,023,NN,023,Tone->Tone,NFM,5.00,,5.0W,,,,,
9,PMR1-08,446.006250,,0.000000,TSQL,88.5,88.5,023,NN,023,Tone->Tone,NFM,5.00,,5.0W,,,,,
10,PMR1-09,446.006250,,0.000000,TSQL,88.5,91.5,023,NN,023,Tone->Tone,NFM,5.00,,5.0W,,,,,
11,PMR1-10,446.006250,,0.000000,TSQL,88.5,94.8,023,NN,023,Tone->Tone,NFM,5.00,,5.0W,,,,,
12,PMR1-11,446.006250,,0.000000,TSQL,88.5,97.4,023,NN,023,Tone->Tone,NFM,5.00,,5.0W,,,,,
13,PMR1-12,446.006250,,0.000000,TSQL,88.5,100.0,023,NN,023,Tone->Tone,NFM,5.00,,5.0W,,,,,
14,PMR1-13,446.006250,,0.000000,TSQL,88.5,103.5,023,NN,023,Tone->Tone,NFM,5.00,,5.0W,,,,,
15,PMR1-14,446.006250,,0.000000,TSQL,88.5,107.2,023,NN,023,Tone->Tone,NFM,5.00,,5.0W,,,,,
16,PMR1-15,446.006250,,0.000000,TSQL,88.5,110.9,023,NN,023,Tone->Tone,NFM,5.00,,5.0W,,,,,
17,PMR2,446.018750,,0.000000,,88.5,88.5,023,NN,023,Tone->Tone,NFM,5.00,,5.0W,,,,,
18,PMR2-01,446.018750,,0.000000,TSQL,88.5,67.0,023,NN,023,Tone->Tone,NFM,5.00,,5.0W,,,,,
19,PMR2-02,446.018750,,0.000000,TSQL,88.5,71.9,023,NN,023,Tone->Tone,NFM,5.00,,5.0W,,,,,
20,PMR2-03,446.018750,,0.000000,TSQL,88.5,74.4,023,NN,023,Tone->Tone,NFM,5.00,,5.0W,,,,,
21,PMR2-04,446.018750,,0.000000,TSQL,88.5,77.0,023,NN,023,Tone->Tone,NFM,5.00,,5.0W,,,,,
22,PMR2-05,446.018750,,0.000000,TSQL,88.5,79.7,023,NN,023,Tone->Tone,NFM,5.00,,5.0W,,,,,
23,PMR2-06,446.018750,,0.000000,TSQL,88.5,82.5,023,NN,023,Tone->Tone,NFM,5.00,,5.0W,,,,,
24,PMR2-07,446.018750,,0.000000,TSQL,88.5,85.4,023,NN,023,Tone->Tone,NFM,5.00,,5.0W,,,,,
25,PMR2-08,446.018750,,0.000000,TSQL,88.5,88.5,023,NN,023,Tone->Tone,NFM,5.00,,5.0W,,,,,
26,PMR2-09,446.018750,,0.000000,TSQL,88.5,91.5,023,NN,023,Tone->Tone,NFM,5.00,,5.0W,,,,,
27,PMR2-10,446.018750,,0.000000,TSQL,88.5,94.8,023,NN,023,Tone->Tone,NFM,5.00,,5.0W,,,,,
28,PMR2-11,446.018750,,0.000000,TSQL,88.5,97.4,023,NN,023,Tone->Tone,NFM,5.00,,5.0W,,,,,
29,PMR2-12,446.018750,,0.000000,TSQL,88.5,100.0,023,NN,023,Tone->Tone,NFM,5.00,,5.0W,,,,,
30,PMR2-13,446.018750,,0.000000,TSQL,88.5,103.5,023,NN,023,Tone->Tone,NFM,5.00,,5.0W,,,,,
31,PMR2-14,446.018750,,0.000000,TSQL,88.5,107.2,023,NN,023,Tone->Tone,NFM,5.00,,5.0W,,,,,
32,PMR2-15,446.018750,,0.000000,TSQL,88.5,110.9,023,NN,023,Tone->Tone,NFM,5.00,,5.0W,,,,,
33,PMR3,446.031250,,0.000000,,88.5,88.5,023,NN,023,Tone->Tone,NFM,5.00,,5.0W,,,,,
34,PMR3-01,446.031250,,0.000000,TSQL,88.5,67.0,023,NN,023,Tone->Tone,NFM,5.00,,5.0W,,,,,
35,PMR3-02,446.031250,,0.000000,TSQL,88.5,71.9,023,NN,023,Tone->Tone,NFM,5.00,,5.0W,,,,,
36,PMR3-03,446.031250,,0.000000,TSQL,88.5,74.4,023,NN,023,Tone->Tone,NFM,5.00,,5.0W,,,,,
37,PMR3-04,446.031250,,0.000000,TSQL,88.5,77.0,023,NN,023,Tone->Tone,NFM,5.00,,5.0W,,,,,
38,PMR3-05,446.031250,,0.000000,TSQL,88.5,79.7,023,NN,023,Tone->Tone,NFM,5.00,,5.0W,,,,,
39,PMR3-06,446.031250,,0.000000,TSQL,88.5,82.5,023,NN,023,Tone->Tone,NFM,5.00,,5.0W,,,,,
40,PMR3-07,446.031250,,0.000000,TSQL,88.5,85.4,023,NN,023,Tone->Tone,NFM,5.00,,5.0W,,,,,
41,PMR3-08,446.031250,,0.000000,TSQL,88.5,88.5,023,NN,023,Tone->Tone,NFM,5.00,,5.0W,,,,,
42,PMR3-09,446.031250,,0.000000,TSQL,88.5,91.5,023,NN,023,Tone->Tone,NFM,5.00,,5.0W,,,,,
43,PMR3-10,446.031250,,0.000000,TSQL,88.5,94.8,023,NN,023,Tone->Tone,NFM,5.00,,5.0W,,,,,
44,PMR3-11,446.031250,,0.000000,TSQL,88.5,97.4,023,NN,023,Tone->Tone,NFM,5.00,,5.0W,,,,,
45,PMR3-12,446.031250,,0.000000,TSQL,88.5,100.0,023,NN,023,Tone->Tone,NFM,5.00,,5.0W,,,,,
46,PMR3-13,446.031250,,0.000000,TSQL,88.5,103.5,023,NN,023,Tone->Tone,NFM,5.00,,5.0W,,,,,
47,PMR3-14,446.031250,,0.000000,TSQL,88.5,107.2,023,NN,023,Tone->Tone,NFM,5.00,,5.0W,,,,,
48,PMR3-15,446.031250,,0.000000,TSQL,88.5,110.9,023,NN,023,Tone->Tone,NFM,5.00,,5.0W,,,,,
49,PMR4,446.043750,,0.000000,,88.5,88.5,023,NN,023,Tone->Tone,NFM,5.00,,5.0W,,,,,
50,PMR4-01,446.043750,,0.000000,TSQL,88.5,67.0,023,NN,023,Tone->Tone,NFM,5.00,,5.0W,,,,,
51,PMR4-02,446.043750,,0.000000,TSQL,88.5,71.9,023,NN,023,Tone->Tone,NFM,5.00,,5.0W,,,,,
52,PMR4-03,446.043750,,0.000000,TSQL,88.5,74.4,023,NN,023,Tone->Tone,NFM,5.00,,5.0W,,,,,
53,PMR4-04,446.043750,,0.000000,TSQL,88.5,77.0,023,NN,023,Tone->Tone,NFM,5.00,,5.0W,,,,,
54,PMR4-05,446.043750,,0.000000,TSQL,88.5,79.7,023,NN,023,Tone->Tone,NFM,5.00,,5.0W,,,,,
55,PMR4-06,446.043750,,0.000000,TSQL,88.5,82.5,023,NN,023,Tone->Tone,NFM,5.00,,5.0W,,,,,
56,PMR4-07,446.043750,,0.000000,TSQL,88.5,85.4,023,NN,023,Tone->Tone,NFM,5.00,,5.0W,,,,,
57,PMR4-08,446.043750,,0.000000,TSQL,88.5,88.5,023,NN,023,Tone->Tone,NFM,5.00,,5.0W,,,,,
58,PMR4-09,446.043750,,0.000000,TSQL,88.5,91.5,023,NN,023,Tone->Tone,NFM,5.00,,5.0W,,,,,
59,PMR4-10,446.043750,,0.000000,TSQL,88.5,94.8,023,NN,023,Tone->Tone,NFM,5.00,,5.0W,,,,,
60,PMR4-11,446.043750,,0.000000,TSQL,88.5,97.4,023,NN,023,Tone->Tone,NFM,5.00,,5.0W,,,,,
61,PMR4-12,446.043750,,0.000000,TSQL,88.5,100.0,023,NN,023,Tone->Tone,NFM,5.00,,5.0W,,,,,
62,PMR4-13,446.043750,,0.000000,TSQL,88.5,103.5,023,NN,023,Tone->Tone,NFM,5.00,,5.0W,,,,,
63,PMR4-14,446.043750,,0.000000,TSQL,88.5,107.2,023,NN,023,Tone->Tone,NFM,5.00,,5.0W,,,,,
64,PMR4-15,446.043750,,0.000000,TSQL,88.5,110.9,023,NN,023,Tone->Tone,NFM,5.00,,5.0W,,,,,
65,PMR5,446.056250,,0.000000,,88.5,88.5,023,NN,023,Tone->Tone,NFM,5.00,,5.0W,,,,,
66,PMR5-01,446.056250,,0.000000,TSQL,88.5,67.0,023,NN,023,Tone->Tone,NFM,5.00,,5.0W,,,,,
67,PMR5-02,446.056250,,0.000000,TSQL,88.5,71.9,023,NN,023,Tone->Tone,NFM,5.00,,5.0W,,,,,
68,PMR5-03,446.056250,,0.000000,TSQL,88.5,74.4,023,NN,023,Tone->Tone,NFM,5.00,,5.0W,,,,,
69,PMR5-04,446.056250,,0.000000,TSQL,88.5,77.0,023,NN,023,Tone->Tone,NFM,5.00,,5.0W,,,,,
70,PMR5-05,446.056250,,0.000000,TSQL,88.5,79.7,023,NN,023,Tone->Tone,NFM,5.00,,5.0W,,,,,
71,PMR5-06,446.056250,,0.000000,TSQL,88.5,82.5,023,NN,023,Tone->Tone,NFM,5.00,,5.0W,,,,,
72,PMR5-07,446.056250,,0.000000,TSQL,88.5,85.4,023,NN,023,Tone->Tone,NFM,5.00,,5.0W,,,,,
73,PMR5-08,446.056250,,0.000000,TSQL,88.5,88.5,023,NN,023,Tone->Tone,NFM,5.00,,5.0W,,,,,
74,PMR5-09,446.056250,,0.000000,TSQL,88.5,91.5,023,NN,023,Tone->Tone,NFM,5.00,,5.0W,,,,,
75,PMR5-10,446.056250,,0.000000,TSQL,88.5,94.8,023,NN,023,Tone->Tone,NFM,5.00,,5.0W,,,,,
76,PMR5-11,446.056250,,0.000000,TSQL,88.5,97.4,023,NN,023,Tone->Tone,NFM,5.00,,5.0W,,,,,
77,PMR5-12,446.056250,,0.000000,TSQL,88.5,100.0,023,NN,023,Tone->Tone,NFM,5.00,,5.0W,,,,,
78,PMR5-13,446.056250,,0.000000,TSQL,88.5,103.5,023,NN,023,Tone->Tone,NFM,5.00,,5.0W,,,,,
79,PMR5-14,446.056250,,0.000000,TSQL,88.5,107.2,023,NN,023,Tone->Tone,NFM,5.00,,5.0W,,,,,
80,PMR5-15,446.056250,,0.000000,TSQL,88.5,110.9,023,NN,023,Tone->Tone,NFM,5.00,,5.0W,,,,,
81,PMR6,446.068750,,0.000000,,88.5,88.5,023,NN,023,Tone->Tone,NFM,5.00,,5.0W,,,,,
82,PMR6-01,446.068750,,0.000000,TSQL,88.5,67.0,023,NN,023,Tone->Tone,NFM,5.00,,5.0W,,,,,
83,PMR6-02,446.068750,,0.000000,TSQL,88.5,71.9,023,NN,023,Tone->Tone,NFM,5.00,,5.0W,,,,,
84,PMR6-03,446.068750,,0.000000,TSQL,88.5,74.4,023,NN,023,Tone->Tone,NFM,5.00,,5.0W,,,,,
85,PMR6-04,446.068750,,0.000000,TSQL,88.5,77.0,023,NN,023,Tone->Tone,NFM,5.00,,5.0W,,,,,
86,PMR6-05,446.068750,,0.000000,TSQL,88.5,79.7,023,NN,023,Tone->Tone,NFM,5.00,,5.0W,,,,,
87,PMR6-06,446.068750,,0.000000,TSQL,88.5,82.5,023,NN,023,Tone->Tone,NFM,5.00,,5.0W,,,,,
88,PMR6-07,446.068750,,0.000000,TSQL,88.5,85.4,023,NN,023,Tone->Tone,NFM,5.00,,5.0W,,,,,
89,PMR6-08,446.068750,,0.000000,TSQL,88.5,88.5,023,NN,023,Tone->Tone,NFM,5.00,,5.0W,,,,,
90,PMR6-09,446.068750,,0.000000,TSQL,88.5,91.5,023,NN,023,Tone->Tone,NFM,5.00,,5.0W,,,,,
91,PMR6-10,446.068750,,0.000000,TSQL,88.5,94.8,023,NN,023,Tone->Tone,NFM,5.00,,5.0W,,,,,
92,PMR6-11,446.068750,,0.000000,TSQL,88.5,97.4,023,NN,023,Tone->Tone,NFM,5.00,,5.0W,,,,,
93,PMR6-12,446.068750,,0.000000,TSQL,88.5,100.0,023,NN,023,Tone->Tone,NFM,5.00,,5.0W,,,,,
94,PMR6-13,446.068750,,0.000000,TSQL,88.5,103.5,023,NN,023,Tone->Tone,NFM,5.00,,5.0W,,,,,
95,PMR6-14,446.068750,,0.000000,TSQL,88.5,107.2,023,NN,023,Tone->Tone,NFM,5.00,,5.0W,,,,,
96,PMR6-15,446.068750,,0.000000,TSQL,88.5,110.9,023,NN,023,Tone->Tone,NFM,5.00,,5.0W,,,,,
97,PMR7,446.081250,,0.000000,,88.5,88.5,023,NN,023,Tone->Tone,NFM,5.00,,5.0W,,,,,
98,PMR7-01,446.081250,,0.000000,TSQL,88.5,67.0,023,NN,023,Tone->Tone,NFM,5.00,,5.0W,,,,,
99,PMR7-02,446.081250,,0.000000,TSQL,88.5,71.9,023,NN,023,Tone->Tone,NFM,5.00,,5.0W,,,,,
100,PMR7-03,446.081250,,0.000000,TSQL,88.5,74.4,023,NN,023,Tone->Tone,NFM,5.00,,5.0W,,,,,
101,PMR7-04,446.081250,,0.000000,TSQL,88.5,77.0,023,NN,023,Tone->Tone,NFM,5.00,,5.0W,,,,,
102,PMR7-05,446.081250,,0.000000,TSQL,88.5,79.7,023,NN,023,Tone->Tone,NFM,5.00,,5.0W,,,,,
103,PMR7-06,446.081250,,0.000000,TSQL,88.5,82.5,023,NN,023,Tone->Tone,NFM,5.00,,5.0W,,,,,
104,PMR7-07,446.081250,,0.000000,TSQL,88.5,85.4,023,NN,023,Tone->Tone,NFM,5.00,,5.0W,,,,,
105,PMR7-08,446.081250,,0.000000,TSQL,88.5,88.5,023,NN,023,Tone->Tone,NFM,5.00,,5.0W,,,,,
106,PMR7-09,446.081250,,0.000000,TSQL,88.5,91.5,023,NN,023,Tone->Tone,NFM,5.00,,5.0W,,,,,
107,PMR7-10,446.081250,,0.000000,TSQL,88.5,94.8,023,NN,023,Tone->Tone,NFM,5.00,,5.0W,,,,,
108,PMR7-11,446.081250,,0.000000,TSQL,88.5,97.4,023,NN,023,Tone->Tone,NFM,5.00,,5.0W,,,,,
109,PMR7-12,446.081250,,0.000000,TSQL,88.5,100.0,023,NN,023,Tone->Tone,NFM,5.00,,5.0W,,,,,
110,PMR7-13,446.081250,,0.000000,TSQL,88.5,103.5,023,NN,023,Tone->Tone,NFM,5.00,,5.0W,,,,,
111,PMR7-14,446.081250,,0.000000,TSQL,88.5,107.2,023,NN,023,Tone->Tone,NFM,5.00,,5.0W,,,,,
112,PMR7-15,446.081250,,0.000000,TSQL,88.5,110.9,023,NN,023,Tone->Tone,NFM,5.00,,5.0W,,,,,
113,PMR8,446.093750,,0.000000,,88.5,88.5,023,NN,023,Tone->Tone,NFM,5.00,,5.0W,,,,,
114,PMR8-01,446.093750,,0.000000,TSQL,88.5,67.0,023,NN,023,Tone->Tone,NFM,5.00,,5.0W,,,,,
115,PMR8-02,446.093750,,0.000000,TSQL,88.5,71.9,023,NN,023,Tone->Tone,NFM,5.00,,5.0W,,,,,
116,PMR8-03,446.093750,,0.000000,TSQL,88.5,74.4,023,NN,023,Tone->Tone,NFM,5.00,,5.0W,,,,,
117,PMR8-04,446.093750,,0.000000,TSQL,88.5,77.0,023,NN,023,Tone->Tone,NFM,5.00,,5.0W,,,,,
118,PMR8-05,446.093750,,0.000000,TSQL,88.5,79.7,023,NN,023,Tone->Tone,NFM,5.00,,5.0W,,,,,
119,PMR8-06,446.093750,,0.000000,TSQL,88.5,82.5,023,NN,023,Tone->Tone,NFM,5.00,,5.0W,,,,,
120,PMR8-07,446.093750,,0.000000,TSQL,88.5,85.4,023,NN,023,Tone->Tone,NFM,5.00,,5.0W,,,,,
121,PMR8-08,446.093750,,0.000000,TSQL,88.5,88.5,023,NN,023,Tone->Tone,NFM,5.00,,5.0W,,,,,
122,PMR8-09,446.093750,,0.000000,TSQL,88.5,91.5,023,NN,023,Tone->Tone,NFM,5.00,,5.0W,,,,,
123,PMR8-10,446.093750,,0.000000,TSQL,88.5,94.8,023,NN,023,Tone->Tone,NFM,5.00,,5.0W,,,,,
124,PMR8-11,446.093750,,0.000000,TSQL,88.5,97.4,023,NN,023,Tone->Tone,NFM,5.00,,5.0W,,,,,
125,PMR8-12,446.093750,,0.000000,TSQL,88.5,100.0,023,NN,023,Tone->Tone,NFM,5.00,,5.0W,,,,,
126,PMR8-13,446.093750,,0.000000,TSQL,88.5,103.5,023,NN,023,Tone->Tone,NFM,5.00,,5.0W,,,,,
127,PMR8-14,446.093750,,0.000000,TSQL,88.5,107.2,023,NN,023,Tone->Tone,NFM,5.00,,5.0W,,,,,
128,PMR8-15,446.093750,,0.000000,TSQL,88.5,110.9,023,NN,023,Tone->Tone,NFM,5.00,,5.0W,,,,,
129,FRNET1,149.025000,,0.000000,,88.5,88.5,023,NN,023,Tone->Tone,NFM,5.00,,5.0W,,,,,
130,FRNET2,149.037500,,0.000000,,88.5,88.5,023,NN,023,Tone->Tone,NFM,5.00,,5.0W,,,,,
131,FRNET3,149.050000,,0.000000,,88.5,88.5,023,NN,023,Tone->Tone,NFM,5.00,,5.0W,,,,,
132,FRNET4,149.087500,,0.000000,,88.5,88.5,023,NN,023,Tone->Tone,NFM,5.00,,5.0W,,,,,
133,FRNET5,149.100000,,0.000000,,88.5,88.5,023,NN,023,Tone->Tone,NFM,5.00,,5.0W,,,,,
134,FRNET6,149.112500,,0.000000,,88.5,88.5,023,NN,023,Tone->Tone,NFM,5.00,,5.0W,,,,,
135,KDR444 1,444.600000,,0.000000,,88.5,88.5,023,NN,023,Tone->Tone,NFM,5.00,,5.0W,,,,,
136,KDR444 2,444.650000,,0.000000,,88.5,88.5,023,NN,023,Tone->Tone,NFM,5.00,,5.0W,,,,,
137,KDR444 3,444.800000,,0.000000,,88.5,88.5,023,NN,023,Tone->Tone,NFM,5.00,,5.0W,,,,,
138,KDR444 4,444.825000,,0.000000,,88.5,88.5,023,NN,023,Tone->Tone,NFM,5.00,,5.0W,,,,,
139,KDR444 5,444.850000,,0.000000,,88.5,88.5,023,NN,023,Tone->Tone,NFM,5.00,,5.0W,,,,,
140,KDR444 6,444.875000,,0.000000,,88.5,88.5,023,NN,023,Tone->Tone,NFM,5.00,,5.0W,,,,,
141,KDR444 7,444.925000,,0.000000,,88.5,88.5,023,NN,023,Tone->Tone,NFM,5.00,,5.0W,,,,,
142,KDR444 8,444.975000,,0.000000,,88.5,88.5,023,NN,023,Tone->Tone,NFM,5.00,,5.0W,,,,,
143,MURS 1,151.820000,,0.000000,,88.5,88.5,023,NN,023,Tone->Tone,NFM,5.00,,5.0W,,,,,
144,MURS 2,151.880000,,0.000000,,88.5,88.5,023,NN,023,Tone->Tone,NFM,5.00,,5.0W,,,,,
145,MURS 3,151.940000,,0.000000,,88.5,88.5,023,NN,023,Tone->Tone,NFM,5.00,,5.0W,,,,,
146,Blue Dot,154.570000,,0.000000,,88.5,88.5,023,NN,023,Tone->Tone,FM,5.00,,5.0W,,,,,
147,Green Dot,154.600000,,0.000000,,88.5,88.5,023,NN,023,Tone->Tone,FM,5.00,,5.0W,,,,,
148,LPD 01,433.075000,,0.000000,,88.5,88.5,023,NN,023,Tone->Tone,FM,5.00,,5.0W,,,,,
149,LPD 02,433.100000,,0.000000,,88.5,88.5,023,NN,023,Tone->Tone,FM,5.00,,5.0W,,,,,
150,LPD 03,433.125000,,0.000000,,88.5,88.5,023,NN,023,Tone->Tone,FM,5.00,,5.0W,,,,,
151,LPD 04,433.150000,,0.000000,,88.5,88.5,023,NN,023,Tone->Tone,FM,5.00,,5.0W,,,,,
152,LPD 05,433.175000,,0.000000,,88.5,88.5,023,NN,023,Tone->Tone,FM,5.00,,5.0W,,,,,
153,LPD 06,433.200000,,0.000000,,88.5,88.5,023,NN,023,Tone->Tone,FM,5.00,,5.0W,,,,,
154,LPD 07,433.225000,,0.000000,,88.5,88.5,023,NN,023,Tone->Tone,FM,5.00,,5.0W,,,,,
155,LPD 08,433.250000,,0.000000,,88.5,88.5,023,NN,023,Tone->Tone,FM,5.00,,5.0W,,,,,
156,LPD 09,433.275000,,0.000000,,88.5,88.5,023,NN,023,Tone->Tone,FM,5.00,,5.0W,,,,,
157,LPD 10,433.300000,,0.000000,,88.5,88.5,023,NN,023,Tone->Tone,FM,5.00,,5.0W,,,,,
158,LPD 11,433.325000,,0.000000,,88.5,88.5,023,NN,023,Tone->Tone,FM,5.00,,5.0W,,,,,
159,LPD 12,433.350000,,0.000000,,88.5,88.5,023,NN,023,Tone->Tone,FM,5.00,,5.0W,,,,,
160,LPD 13,433.375000,,0.000000,,88.5,88.5,023,NN,023,Tone->Tone,FM,5.00,,5.0W,,,,,
161,LPD 14,433.400000,,0.000000,,88.5,88.5,023,NN,023,Tone->Tone,FM,5.00,,5.0W,,,,,
162,LPD 15,433.425000,,0.000000,,88.5,88.5,023,NN,023,Tone->Tone,FM,5.00,,5.0W,,,,,
163,LPD 16,433.450000,,0.000000,,88.5,88.5,023,NN,023,Tone->Tone,FM,5.00,,5.0W,,,,,
164,LPD 17,433.475000,,0.000000,,88.5,88.5,023,NN,023,Tone->Tone,FM,5.00,,5.0W,,,,,
165,LPD 18,433.500000,,0.000000,,88.5,88.5,023,NN,023,Tone->Tone,FM,5.00,,5.0W,,,,,
166,LPD 19,433.525000,,0.000000,,88.5,88.5,023,NN,023,Tone->Tone,FM,5.00,,5.0W,,,,,
167,LPD 20,433.550000,,0.000000,,88.5,88.5,023,NN,023,Tone->Tone,FM,5.00,,5.0W,,,,,
168,LPD 21,433.575000,,0.000000,,88.5,88.5,023,NN,023,Tone->Tone,FM,5.00,,5.0W,,,,,
169,LPD 22,433.600000,,0.000000,,88.5,88.5,023,NN,023,Tone->Tone,FM,5.00,,5.0W,,,,,
170,LPD 23,433.625000,,0.000000,,88.5,88.5,023,NN,023,Tone->Tone,FM,5.00,,5.0W,,,,,
171,LPD 24,433.650000,,0.000000,,88.5,88.5,023,NN,023,Tone->Tone,FM,5.00,,5.0W,,,,,
172,LPD 25,433.675000,,0.000000,,88.5,88.5,023,NN,023,Tone->Tone,FM,5.00,,5.0W,,,,,
173,LPD 26,433.700000,,0.000000,,88.5,88.5,023,NN,023,Tone->Tone,FM,5.00,,5.0W,,,,,
174,LPD 27,433.725000,,0.000000,,88.5,88.5,023,NN,023,Tone->Tone,FM,5.00,,5.0W,,,,,
175,LPD 28,433.750000,,0.000000,,88.5,88.5,023,NN,023,Tone->Tone,FM,5.00,,5.0W,,,,,
176,LPD 29,433.775000,,0.000000,,88.5,88.5,023,NN,023,Tone->Tone,FM,5.00,,5.0W,,,,,
177,LPD 30,433.800000,,0.000000,,88.5,88.5,023,NN,023,Tone->Tone,FM,5.00,,5.0W,,,,,
178,LPD 31,433.825000,,0.000000,,88.5,88.5,023,NN,023,Tone->Tone,FM,5.00,,5.0W,,,,,
179,LPD 32,433.850000,,0.000000,,88.5,88.5,023,NN,023,Tone->Tone,FM,5.00,,5.0W,,,,,
180,LPD 33,433.875000,,0.000000,,88.5,88.5,023,NN,023,Tone->Tone,FM,5.00,,5.0W,,,,,
181,LPD 34,433.900000,,0.000000,,88.5,88.5,023,NN,023,Tone->Tone,FM,5.00,,5.0W,,,,,
182,LPD 35,433.925000,,0.000000,,88.5,88.5,023,NN,023,Tone->Tone,FM,5.00,,5.0W,,,,,
183,LPD 36,433.950000,,0.000000,,88.5,88.5,023,NN,023,Tone->Tone,FM,5.00,,5.0W,,,,,
184,LPD 37,433.975000,,0.000000,,88.5,88.5,023,NN,023,Tone->Tone,FM,5.00,,5.0W,,,,,
185,LPD 38,434.000000,,0.000000,,88.5,88.5,023,NN,023,Tone->Tone,FM,5.00,,5.0W,,,,,
186,LPD 39,434.025000,,0.000000,,88.5,88.5,023,NN,023,Tone->Tone,FM,5.00,,5.0W,,,,,
187,LPD 40,434.050000,,0.000000,,88.5,88.5,023,NN,023,Tone->Tone,FM,5.00,,5.0W,,,,,
188,LPD 41,434.075000,,0.000000,,88.5,88.5,023,NN,023,Tone->Tone,FM,5.00,,5.0W,,,,,
189,LPD 42,434.100000,,0.000000,,88.5,88.5,023,NN,023,Tone->Tone,FM,5.00,,5.0W,,,,,
190,LPD 43,434.125000,,0.000000,,88.5,88.5,023,NN,023,Tone->Tone,FM,5.00,,5.0W,,,,,
191,LPD 44,434.150000,,0.000000,,88.5,88.5,023,NN,023,Tone->Tone,FM,5.00,,5.0W,,,,,
192,LPD 45,434.175000,,0.000000,,88.5,88.5,023,NN,023,Tone->Tone,FM,5.00,,5.0W,,,,,
193,LPD 46,434.200000,,0.000000,,88.5,88.5,023,NN,023,Tone->Tone,FM,5.00,,5.0W,,,,,
194,LPD 47,434.225000,,0.000000,,88.5,88.5,023,NN,023,Tone->Tone,FM,5.00,,5.0W,,,,,
195,LPD 48,434.250000,,0.000000,,88.5,88.5,023,NN,023,Tone->Tone,FM,5.00,,5.0W,,,,,
196,LPD 49,434.275000,,0.000000,,88.5,88.5,023,NN,023,Tone->Tone,FM,5.00,,5.0W,,,,,
197,LPD 50,434.300000,,0.000000,,88.5,88.5,023,NN,023,Tone->Tone,FM,5.00,,5.0W,,,,,
198,LPD 51,434.325000,,0.000000,,88.5,88.5,023,NN,023,Tone->Tone,FM,5.00,,5.0W,,,,,
199,LPD 52,434.350000,,0.000000,,88.5,88.5,023,NN,023,Tone->Tone,FM,5.00,,5.0W,,,,,
200,LPD 53,434.375000,,0.000000,,88.5,88.5,023,NN,023,Tone->Tone,FM,5.00,,5.0W,,,,,
201,LPD 54,434.400000,,0.000000,,88.5,88.5,023,NN,023,Tone->Tone,FM,5.00,,5.0W,,,,,
202,LPD 55,434.425000,,0.000000,,88.5,88.5,023,NN,023,Tone->Tone,FM,5.00,,5.0W,,,,,
203,LPD 56,434.450000,,0.000000,,88.5,88.5,023,NN,023,Tone->Tone,FM,5.00,,5.0W,,,,,
204,LPD 57,434.475000,,0.000000,,88.5,88.5,023,NN,023,Tone->Tone,FM,5.00,,5.0W,,,,,
205,LPD 58,434.500000,,0.000000,,88.5,88.5,023,NN,023,Tone->Tone,FM,5.00,,5.0W,,,,,
206,LPD 59,434.525000,,0.000000,,88.5,88.5,023,NN,023,Tone->Tone,FM,5.00,,5.0W,,,,,
207,LPD 60,434.550000,,0.000000,,88.5,88.5,023,NN,023,Tone->Tone,FM,5.00,,5.0W,,,,,
208,LPD 61,434.575000,,0.000000,,88.5,88.5,023,NN,023,Tone->Tone,FM,5.00,,5.0W,,,,,
209,LPD 62,434.600000,,0.000000,,88.5,88.5,023,NN,023,Tone->Tone,FM,5.00,,5.0W,,,,,
210,LPD 63,434.625000,,0.000000,,88.5,88.5,023,NN,023,Tone->Tone,FM,5.00,,5.0W,,,,,
211,LPD 64,434.650000,,0.000000,,88.5,88.5,023,NN,023,Tone->Tone,FM,5.00,,5.0W,,,,,
212,LPD 65,434.675000,,0.000000,,88.5,88.5,023,NN,023,Tone->Tone,FM,5.00,,5.0W,,,,,
213,LPD 66,434.700000,,0.000000,,88.5,88.5,023,NN,023,Tone->Tone,FM,5.00,,5.0W,,,,,
214,LPD 67,434.725000,,0.000000,,88.5,88.5,023,NN,023,Tone->Tone,FM,5.00,,5.0W,,,,,
215,LPD 68,434.750000,,0.000000,,88.5,88.5,023,NN,023,Tone->Tone,FM,5.00,,5.0W,,,,,
216,LPD 69,434.775000,,0.000000,,88.5,88.5,023,NN,023,Tone->Tone,FM,5.00,,5.0W,,,,,
217,SEA 01,160.650000,-,4.600000,,88.5,88.5,023,NN,023,Tone->Tone,FM,5.00,,5.0W,,,,,
218,SEA 02,160.700000,-,4.600000,,88.5,88.5,023,NN,023,Tone->Tone,FM,5.00,,5.0W,,,,,
219,SEA 03,160.750000,-,4.600000,,88.5,88.5,023,NN,023,Tone->Tone,FM,5.00,,5.0W,,,,,
220,SEA 04,160.800000,-,4.600000,,88.5,88.5,023,NN,023,Tone->Tone,FM,5.00,,5.0W,,,,,
221,SEA 05,160.850000,-,4.600000,,88.5,88.5,023,NN,023,Tone->Tone,FM,5.00,,5.0W,,,,,
222,SEA 06,156.300000,,0.000000,,88.5,88.5,023,NN,023,Tone->Tone,FM,5.00,,5.0W,,,,,
223,SEA 07,160.950000,-,4.600000,,88.5,88.5,023,NN,023,Tone->Tone,FM,5.00,,5.0W,,,,,
224,SEA 08,156.400000,,0.000000,,88.5,88.5,023,NN,023,Tone->Tone,FM,5.00,,5.0W,,,,,
225,SEA 09,156.450000,,0.000000,,88.5,88.5,023,NN,023,Tone->Tone,FM,5.00,,5.0W,,,,,
226,SEA 10,156.500000,,0.000000,,88.5,88.5,023,NN,023,Tone->Tone,FM,5.00,,5.0W,,,,,
227,SEA 11,156.550000,,0.000000,,88.5,88.5,023,NN,023,Tone->Tone,FM,5.00,,5.0W,,,,,
228,SEA 12,156.600000,,0.000000,,88.5,88.5,023,NN,023,Tone->Tone,FM,5.00,,5.0W,,,,,
229,SEA 13,156.650000,,0.000000,,88.5,88.5,023,NN,023,Tone->Tone,FM,5.00,,5.0W,,,,,
230,SEA 14,156.700000,,0.000000,,88.5,88.5,023,NN,023,Tone->Tone,FM,5.00,,5.0W,,,,,
231,SEA 15,156.750000,,0.000000,,88.5,88.5,023,NN,023,Tone->Tone,FM,5.00,,5.0W,,,,,
232,SEA 16,156.800000,,0.000000,,88.5,88.5,023,NN,023,Tone->Tone,FM,5.00,,5.0W,,,,,
233,SEA 17,156.850000,,0.000000,,88.5,88.5,023,NN,023,Tone->Tone,FM,5.00,,5.0W,,,,,
234,SEA 18,161.500000,-,4.600000,,88.5,88.5,023,NN,023,Tone->Tone,FM,5.00,,5.0W,,,,,
235,SEA 19,161.550000,-,4.600000,,88.5,88.5,023,NN,023,Tone->Tone,FM,5.00,,5.0W,,,,,
236,SEA 20,161.600000,-,4.600000,,88.5,88.5,023,NN,023,Tone->Tone,FM,5.00,,5.0W,,,,,
237,SEA 21,161.650000,-,4.600000,,88.5,88.5,023,NN,023,Tone->Tone,FM,5.00,,5.0W,,,,,
238,SEA 22,161.700000,-,4.600000,,88.5,88.5,023,NN,023,Tone->Tone,FM,5.00,,5.0W,,,,,
239,SEA 23,161.750000,-,4.600000,,88.5,88.5,023,NN,023,Tone->Tone,FM,5.00,,5.0W,,,,,
240,SEA 24,161.800000,-,4.600000,,88.5,88.5,023,NN,023,Tone->Tone,FM,5.00,,5.0W,,,,,
241,SEA 25,161.850000,-,4.600000,,88.5,88.5,023,NN,023,Tone->Tone,FM,5.00,,5.0W,,,,,
242,SEA 26,161.900000,-,4.600000,,88.5,88.5,023,NN,023,Tone->Tone,FM,5.00,,5.0W,,,,,
243,SEA 27,161.950000,-,4.600000,,88.5,88.5,023,NN,023,Tone->Tone,FM,5.00,,5.0W,,,,,
244,SEA 28,162.000000,-,4.600000,,88.5,88.5,023,NN,023,Tone->Tone,FM,5.00,,5.0W,,,,,
245,SEA 60,160.625000,-,4.600000,,88.5,88.5,023,NN,023,Tone->Tone,FM,5.00,,5.0W,,,,,
246,SEA 61,160.675000,-,4.600000,,88.5,88.5,023,NN,023,Tone->Tone,FM,5.00,,5.0W,,,,,
247,SEA 62,160.725000,-,4.600000,,88.5,88.5,023,NN,023,Tone->Tone,FM,5.00,,5.0W,,,,,
248,SEA 63,160.775000,-,4.600000,,88.5,88.5,023,NN,023,Tone->Tone,FM,5.00,,5.0W,,,,,
249,SEA 64,160.825000,-,4.600000,,88.5,88.5,023,NN,023,Tone->Tone,FM,5.00,,5.0W,,,,,
250,SEA 65,160.875000,-,4.600000,,88.5,88.5,023,NN,023,Tone->Tone,FM,5.00,,5.0W,,,,,
251,SEA 66,160.925000,-,4.600000,,88.5,88.5,023,NN,023,Tone->Tone,FM,5.00,,5.0W,,,,,
252,SEA 67,156.375000,,0.000000,,88.5,88.5,023,NN,023,Tone->Tone,FM,5.00,,5.0W,,,,,
253,SEA 68,156.425000,,0.000000,,88.5,88.5,023,NN,023,Tone->Tone,FM,5.00,,5.0W,,,,,
254,SEA 69,156.475000,,0.000000,,88.5,88.5,023,NN,023,Tone->Tone,FM,5.00,,5.0W,,,,,
255,SEA 70,156.525000,,0.000000,,88.5,88.5,023,NN,023,Tone->Tone,FM,5.00,,5.0W,,,,,
256,SEA 71,156.575000,,0.000000,,88.5,88.5,023,NN,023,Tone->Tone,FM,5.00,,5.0W,,,,,
257,SEA 72,156.625000,,0.000000,,88.5,88.5,023,NN,023,Tone->Tone,FM,5.00,,5.0W,,,,,
258,SEA 73,156.675000,,0.000000,,88.5,88.5,023,NN,023,Tone->Tone,FM,5.00,,5.0W,,,,,
259,SEA 74,156.725000,,0.000000,,88.5,88.5,023,NN,023,Tone->Tone,FM,5.00,,5.0W,,,,,
260,SEA 75,156.775000,,0.000000,,88.5,88.5,023,NN,023,Tone->Tone,FM,5.00,,5.0W,,,,,
261,SEA 76,156.825000,,0.000000,,88.5,88.5,023,NN,023,Tone->Tone,FM,5.00,,5.0W,,,,,
262,SEA 77,156.875000,,0.000000,,88.5,88.5,023,NN,023,Tone->Tone,FM,5.00,,5.0W,,,,,
263,SEA 78,161.525000,-,4.600000,,88.5,88.5,023,NN,023,Tone->Tone,FM,5.00,,5.0W,,,,,
264,SEA 79,161.575000,-,4.600000,,88.5,88.5,023,NN,023,Tone->Tone,FM,5.00,,5.0W,,,,,
265,SEA 80,161.625000,-,4.600000,,88.5,88.5,023,NN,023,Tone->Tone,FM,5.00,,5.0W,,,,,
266,SEA 81,161.675000,-,4.600000,,88.5,88.5,023,NN,023,Tone->Tone,FM,5.00,,5.0W,,,,,
267,SEA 82,161.725000,-,4.600000,,88.5,88.5,023,NN,023,Tone->Tone,FM,5.00,,5.0W,,,,,
268,SEA 83,161.775000,-,4.600000,,88.5,88.5,023,NN,023,Tone->Tone,FM,5.00,,5.0W,,,,,
269,SEA 84,161.825000,-,4.600000,,88.5,88.5,023,NN,023,Tone->Tone,FM,5.00,,5.0W,,,,,
270,SEA 85,161.875000,-,4.600000,,88.5,88.5,023,NN,023,Tone->Tone,FM,5.00,,5.0W,,,,,
271,SEA 86,161.925000,-,4.600000,,88.5,88.5,023,NN,023,Tone->Tone,FM,5.00,,5.0W,,,,,
272,SEA 87,157.375000,,0.000000,,88.5,88.5,023,NN,023,Tone->Tone,FM,5.00,,5.0W,,,,,
273,SEA 88,157.425000,,0.000000,,88.5,88.5,023,NN,023,Tone->Tone,FM,5.00,,5.0W,,,,,
274,FRS 1,462.562500,,0.000000,,88.5,88.5,023,NN,023,Tone->Tone,FM,5.00,,5.0W,,,,,
275,FRS 2,462.587500,,0.000000,,88.5,88.5,023,NN,023,Tone->Tone,FM,5.00,,5.0W,,,,,
276,FRS 3,462.612500,,0.000000,,88.5,88.5,023,NN,023,Tone->Tone,FM,5.00,,5.0W,,,,,
277,FRS 4,462.637500,,0.000000,,88.5,88.5,023,NN,023,Tone->Tone,FM,5.00,,5.0W,,,,,
278,FRS 5,462.662500,,0.000000,,88.5,88.5,023,NN,023,Tone->Tone,FM,5.00,,5.0W,,,,,
279,FRS 6,462.687500,,0.000000,,88.5,88.5,023,NN,023,Tone->Tone,FM,5.00,,5.0W,,,,,
280,FRS 7,462.712500,,0.000000,,88.5,88.5,023,NN,023,Tone->Tone,FM,5.00,,5.0W,,,,,
281,FRS 8,467.562500,,0.000000,,88.5,88.5,023,NN,023,Tone->Tone,NFM,5.00,,5.0W,,,,,
282,FRS 9,467.587500,,0.000000,,88.5,88.5,023,NN,023,Tone->Tone,NFM,5.00,,5.0W,,,,,
283,FRS 10,467.612500,,0.000000,,88.5,88.5,023,NN,023,Tone->Tone,NFM,5.00,,5.0W,,,,,
284,FRS 11,467.637500,,0.000000,,88.5,88.5,023,NN,023,Tone->Tone,NFM,5.00,,5.0W,,,,,
285,FRS 12,467.662500,,0.000000,,88.5,88.5,023,NN,023,Tone->Tone,NFM,5.00,,5.0W,,,,,
286,FRS 13,467.687500,,0.000000,,88.5,88.5,023,NN,023,Tone->Tone,NFM,5.00,,5.0W,,,,,
287,FRS 14,467.712500,,0.000000,,88.5,88.5,023,NN,023,Tone->Tone,NFM,5.00,,5.0W,,,,,
288,GMRS 1,462.550000,,0.000000,,88.5,88.5,023,NN,023,Tone->Tone,FM,5.00,,5.0W,,,,,
289,GMRS 2,462.562500,,0.000000,,88.5,88.5,023,NN,023,Tone->Tone,FM,5.00,,5.0W,,,,,
290,GMRS 3,462.575000,,0.000000,,88.5,88.5,023,NN,023,Tone->Tone,FM,5.00,,5.0W,,,,,
291,GMRS 4,462.587500,,0.000000,,88.5,88.5,023,NN,023,Tone->Tone,FM,5.00,,5.0W,,,,,
292,GMRS 5,462.600000,,0.000000,,88.5,88.5,023,NN,023,Tone->Tone,FM,5.00,,5.0W,,,,,
293,GMRS 6,462.612500,,0.000000,,88.5,88.5,023,NN,023,Tone->Tone,FM,5.00,,5.0W,,,,,
294,GMRS 7,462.625000,,0.000000,,88.5,88.5,023,NN,023,Tone->Tone,FM,5.00,,5.0W,,,,,
295,GMRS 8,462.637500,,0.000000,,88.5,88.5,023,NN,023,Tone->Tone,FM,5.00,,5.0W,,,,,
296,GMRS 9,462.650000,,0.000000,,88.5,88.5,023,NN,023,Tone->Tone,FM,5.00,,5.0W,,,,,
297,GMRS 10,462.662500,,0.000000,,88.5,88.5,023,NN,023,Tone->Tone,FM,5.00,,5.0W,,,,,
298,GMRS 11,462.675000,,0.000000,,88.5,88.5,023,NN,023,Tone->Tone,FM,5.00,,5.0W,,,,,
299,GMRS 12,462.687500,,0.000000,,88.5,88.5,023,NN,023,Tone->Tone,FM,5.00,,5.0W,,,,,
300,GMRS 13,462.700000,,0.000000,,88.5,88.5,023,NN,023,Tone->Tone,FM,5.00,,5.0W,,,,,
301,GMRS 14,462.712500,,0.000000,,88.5,88.5,023,NN,023,Tone->Tone,FM,5.00,,5.0W,,,,,
302,GMRS 15,462.725000,,0.000000,,88.5,88.5,023,NN,023,Tone->Tone,FM,5.00,,5.0W,,,,,
303,JAKT 1,155.425000,,0.000000,,88.5,88.5,023,NN,023,Tone->Tone,NFM,5.00,,5.0W,,,,,
304,JAKT 2,155.475000,,0.000000,,88.5,88.5,023,NN,023,Tone->Tone,NFM,5.00,,5.0W,,,,,
305,JAKT 3,155.500000,,0.000000,,88.5,88.5,023,NN,023,Tone->Tone,NFM,5.00,,5.0W,,,,,
306,JAKT 4,155.525000,,0.000000,,88.5,88.5,023,NN,023,Tone->Tone,NFM,5.00,,5.0W,,,,,
307,JAKT 5,156.000000,,0.000000,,88.5,88.5,023,NN,023,Tone->Tone,NFM,5.00,,5.0W,,,,,
308,JAKT 6,156.400000,,0.000000,,88.5,88.5,023,NN,023,Tone->Tone,NFM,5.00,,5.0W,,,,,
309,JAKT 7,156.450000,,0.000000,,88.5,88.5,023,NN,023,Tone->Tone,NFM,5.00,,5.0W,,,,,
310,WX1PA7,162.550000,,0.000000,,88.5,88.5,023,NN,023,Tone->Tone,FM,5.00,,5.0W,,,,,
311,WX2PA1,162.400000,,0.000000,,88.5,88.5,023,NN,023,Tone->Tone,FM,5.00,,5.0W,,,,,
312,WX3PA4,162.475000,,0.000000,,88.5,88.5,023,NN,023,Tone->Tone,FM,5.00,,5.0W,,,,,
313,WX4PA2,162.425000,,0.000000,,88.5,88.5,023,NN,023,Tone->Tone,FM,5.00,,5.0W,,,,,
314,WX5PA3,162.450000,,0.000000,,88.5,88.5,023,NN,023,Tone->Tone,FM,5.00,,5.0W,,,,,
315,WX6PA5,162.500000,,0.000000,,88.5,88.5,023,NN,023,Tone->Tone,FM,5.00,,5.0W,,,,,
316,WX7PA6,162.525000,,0.000000,,88.5,88.5,023,NN,023,Tone->Tone,FM,5.00,,5.0W,,,,,
317,WX8,161.650000,,0.000000,,88.5,88.5,023,NN,023,Tone->Tone,FM,5.00,,5.0W,,,,,
318,WX9,161.775000,,0.000000,,88.5,88.5,023,NN,023,Tone->Tone,FM,5.00,,5.0W,,,,,
319,WX10,163.275000,,0.000000,,88.5,88.5,023,NN,023,Tone->Tone,FM,5.00,,5.0W,,,,,
320,KDR444 1,444.600000,,0.000000,,88.5,88.5,023,NN,023,Tone->Tone,NFM,5.00,,5.0W,,,,,
321,KDR444 2,444.650000,,0.000000,,88.5,88.5,023,NN,023,Tone->Tone,NFM,5.00,,5.0W,,,,,
322,KDR444 3,444.800000,,0.000000,,88.5,88.5,023,NN,023,Tone->Tone,NFM,5.00,,5.0W,,,,,
323,KDR444 4,444.825000,,0.000000,,88.5,88.5,023,NN,023,Tone->Tone,NFM,5.00,,5.0W,,,,,
324,KDR444 5,444.850000,,0.000000,,88.5,88.5,023,NN,023,Tone->Tone,NFM,5.00,,5.0W,,,,,
325,KDR444 6,444.875000,,0.000000,,88.5,88.5,023,NN,023,Tone->Tone,NFM,5.00,,5.0W,,,,,
326,KDR444 7,444.925000,,0.000000,,88.5,88.5,023,NN,023,Tone->Tone,NFM,5.00,,5.0W,,,,,
327,KDR444 8,444.975000,,0.000000,,88.5,88.5,023,NN,023,Tone->Tone,NFM,5.00,,5.0W,,,,,
328,FRNET1,149.025000,,0.000000,,88.5,88.5,023,NN,023,Tone->Tone,NFM,5.00,,5.0W,,,,,
329,FRNET2,149.037500,,0.000000,,88.5,88.5,023,NN,023,Tone->Tone,NFM,5.00,,5.0W,,,,,
330,FRNET3,149.050000,,0.000000,,88.5,88.5,023,NN,023,Tone->Tone,NFM,5.00,,5.0W,,,,,
331,FRNET4,149.087500,,0.000000,,88.5,88.5,023,NN,023,Tone->Tone,NFM,5.00,,5.0W,,,,,
332,FRNET5,149.100000,,0.000000,,88.5,88.5,023,NN,023,Tone->Tone,NFM,5.00,,5.0W,,,,,
333,FRNET6,149.112500,,0.000000,,88.5,88.5,023,NN,023,Tone->Tone,NFM,5.00,,5.0W,,,,,
334,ISS R1,145.990000,,0.000000,,88.5,88.5,023,NN,023,Tone->Tone,FM,5.00,,5.0W,,,,,
335,ISS R2,145.800000,,0.000000,,88.5,88.5,023,NN,023,Tone->Tone,FM,5.00,,5.0W,,,,,
336,ISS r2-2,437.800000,,0.000000,,88.5,88.5,023,NN,023,Tone->Tone,FM,5.00,,5.0W,,,,,
337,ISS R3,145.825000,,0.000000,,88.5,88.5,023,NN,023,Tone->Tone,FM,5.00,,5.0W,,,,,
338,Sikr01,143.875000,,0.000000,,88.5,88.5,023,NN,023,Tone->Tone,FM,5.00,,5.0W,,,,,
339,Sikr02,143.800000,-,4.500000,,88.5,88.5,023,NN,023,Tone->Tone,FM,5.00,,5.0W,,,,,
340,Sikr03,139.225000,,0.000000,,88.5,88.5,023,NN,023,Tone->Tone,FM,5.00,,5.0W,,,,,
341,Sikr04,143.725000,,0.000000,,88.5,88.5,023,NN,023,Tone->Tone,FM,5.00,,5.0W,,,,,
342,Sikr05,143.700000,-,4.500000,,88.5,88.5,023,NN,023,Tone->Tone,FM,5.00,,5.0W,,,,,
343,Sikr06,139.375000,,0.000000,,88.5,88.5,023,NN,023,Tone->Tone,FM,5.00,,5.0W,,,,,
344,Sikr07,143.750000,-,4.500000,,88.5,88.5,023,NN,023,Tone->Tone,FM,5.00,,5.0W,,,,,
345,Sikr08,143.775000,-,4.500000,,88.5,88.5,023,NN,023,Tone->Tone,FM,5.00,,5.0W,,,,,
346,Sikr08,143.675000,-,4.500000,,88.5,88.5,023,NN,023,Tone->Tone,FM,5.00,,5.0W,,,,,
347,Sikr09,143.775000,,0.000000,,88.5,88.5,023,NN,023,Tone->Tone,FM,5.00,,5.0W,,,,,
348,Sikr10,143.675000,-,4.500000,,88.5,88.5,023,NN,023,Tone->Tone,FM,5.00,,5.0W,,,,,
349,Sikr11,143.550000,-,4.500000,,88.5,88.5,023,NN,023,Tone->Tone,FM,5.00,,5.0W,,,,,
350,Sikr12,143.850000,-,4.500000,,88.5,88.5,023,NN,023,Tone->Tone,FM,5.00,,5.0W,,,,,
351,Sikr12A,143.625000,-,4.500000,,88.5,88.5,023,NN,023,Tone->Tone,FM,5.00,,5.0W,,,,,
352,Sikr12B,143.825000,-,4.500000,,88.5,88.5,023,NN,023,Tone->Tone,FM,5.00,,5.0W,,,,,
353,Sikr12C,143.575000,-,4.500000,,88.5,88.5,023,NN,023,Tone->Tone,FM,5.00,,5.0W,,,,,
354,Sikr13,143.525000,-,4.500000,,88.5,88.5,023,NN,023,Tone->Tone,FM,5.00,,5.0W,,,,,
355,AAR002,159.810000,,0.000000,,88.5,88.5,023,NN,023,Tone->Tone,FM,5.00,,5.0W,,,,,
356,AAR003,159.930000,,0.000000,,88.5,88.5,023,NN,023,Tone->Tone,FM,5.00,,5.0W,,,,,
357,AAR004,160.050000,,0.000000,,88.5,88.5,023,NN,023,Tone->Tone,FM,5.00,,5.0W,,,,,
358,AAR005,160.185000,,0.000000,,88.5,88.5,023,NN,023,Tone->Tone,FM,5.00,,5.0W,,,,,
359,AAR006,160.200000,,0.000000,,88.5,88.5,023,NN,023,Tone->Tone,FM,5.00,,5.0W,,,,,
360,AAR007,160.215000,,0.000000,,88.5,88.5,023,NN,023,Tone->Tone,FM,5.00,,5.0W,,,,,
361,AAR008,160.230000,,0.000000,,88.5,88.5,023,NN,023,Tone->Tone,FM,5.00,,5.0W,,,,,
362,AAR009,160.245000,,0.000000,,88.5,88.5,023,NN,023,Tone->Tone,FM,5.00,,5.0W,,,,,
363,AAR010,160.260000,,0.000000,,88.5,88.5,023,NN,023,Tone->Tone,FM,5.00,,5.0W,,,,,
364,AAR011,160.275000,,0.000000,,88.5,88.5,023,NN,023,Tone->Tone,FM,5.00,,5.0W,,,,,
365,AAR012,160.290000,,0.000000,,88.5,88.5,023,NN,023,Tone->Tone,FM,5.00,,5.0W,,,,,
366,AAR013,160.305000,,0.000000,,88.5,88.5,023,NN,023,Tone->Tone,FM,5.00,,5.0W,,,,,
367,AAR014,160.320000,,0.000000,,88.5,88.5,023,NN,023,Tone->Tone,FM,5.00,,5.0W,,,,,
368,AAR015,160.335000,,0.000000,,88.5,88.5,023,NN,023,Tone->Tone,FM,5.00,,5.0W,,,,,
369,AAR016,160.350000,,0.000000,,88.5,88.5,023,NN,023,Tone->Tone,FM,5.00,,5.0W,,,,,
370,AAR017,160.365000,,0.000000,,88.5,88.5,023,NN,023,Tone->Tone,FM,5.00,,5.0W,,,,,
371,AAR018,160.380000,,0.000000,,88.5,88.5,023,NN,023,Tone->Tone,FM,5.00,,5.0W,,,,,
372,AAR019,160.395000,,0.000000,,88.5,88.5,023,NN,023,Tone->Tone,FM,5.00,,5.0W,,,,,
373,AAR020,160.410000,,0.000000,,88.5,88.5,023,NN,023,Tone->Tone,FM,5.00,,5.0W,,,,,
374,AAR021,160.425000,,0.000000,,88.5,88.5,023,NN,023,Tone->Tone,FM,5.00,,5.0W,,,,,
375,AAR022,160.440000,,0.000000,,88.5,88.5,023,NN,023,Tone->Tone,FM,5.00,,5.0W,,,,,
376,AAR023,160.455000,,0.000000,,88.5,88.5,023,NN,023,Tone->Tone,FM,5.00,,5.0W,,,,,
377,AAR024,160.470000,,0.000000,,88.5,88.5,023,NN,023,Tone->Tone,FM,5.00,,5.0W,,,,,
378,AAR025,160.485000,,0.000000,,88.5,88.5,023,NN,023,Tone->Tone,FM,5.00,,5.0W,,,,,
379,AAR026,160.500000,,0.000000,,88.5,88.5,023,NN,023,Tone->Tone,FM,5.00,,5.0W,,,,,
380,AAR027,160.515000,,0.000000,,88.5,88.5,023,NN,023,Tone->Tone,FM,5.00,,5.0W,,,,,
381,AAR028,160.530000,,0.000000,,88.5,88.5,023,NN,023,Tone->Tone,FM,5.00,,5.0W,,,,,
382,AAR029,160.545000,,0.000000,,88.5,88.5,023,NN,023,Tone->Tone,FM,5.00,,5.0W,,,,,
383,AAR030,160.560000,,0.000000,,88.5,88.5,023,NN,023,Tone->Tone,FM,5.00,,5.0W,,,,,
384,AAR031,160.575000,,0.000000,,88.5,88.5,023,NN,023,Tone->Tone,FM,5.00,,5.0W,,,,,
385,AAR032,160.590000,,0.000000,,88.5,88.5,023,NN,023,Tone->Tone,FM,5.00,,5.0W,,,,,
386,AAR033,160.605000,,0.000000,,88.5,88.5,023,NN,023,Tone->Tone,FM,5.00,,5.0W,,,,,
387,AAR034,160.620000,,0.000000,,88.5,88.5,023,NN,023,Tone->Tone,FM,5.00,,5.0W,,,,,
388,AAR035,160.635000,,0.000000,,88.5,88.5,023,NN,023,Tone->Tone,FM,5.00,,5.0W,,,,,
389,AAR036,160.650000,,0.000000,,88.5,88.5,023,NN,023,Tone->Tone,FM,5.00,,5.0W,,,,,
390,AAR037,160.665000,,0.000000,,88.5,88.5,023,NN,023,Tone->Tone,FM,5.00,,5.0W,,,,,
391,AAR038,160.680000,,0.000000,,88.5,88.5,023,NN,023,Tone->Tone,FM,5.00,,5.0W,,,,,
392,AAR039,160.695000,,0.000000,,88.5,88.5,023,NN,023,Tone->Tone,FM,5.00,,5.0W,,,,,
393,AAR040,160.710000,,0.000000,,88.5,88.5,023,NN,023,Tone->Tone,FM,5.00,,5.0W,,,,,
394,AAR041,160.725000,,0.000000,,88.5,88.5,023,NN,023,Tone->Tone,FM,5.00,,5.0W,,,,,
395,AAR042,160.740000,,0.000000,,88.5,88.5,023,NN,023,Tone->Tone,FM,5.00,,5.0W,,,,,
396,AAR043,160.755000,,0.000000,,88.5,88.5,023,NN,023,Tone->Tone,FM,5.00,,5.0W,,,,,
397,AAR044,160.770000,,0.000000,,88.5,88.5,023,NN,023,Tone->Tone,FM,5.00,,5.0W,,,,,
398,AAR045,160.785000,,0.000000,,88.5,88.5,023,NN,023,Tone->Tone,FM,5.00,,5.0W,,,,,
399,AAR046,160.800000,,0.000000,,88.5,88.5,023,NN,023,Tone->Tone,FM,5.00,,5.0W,,,,,
400,AAR047,160.815000,,0.000000,,88.5,88.5,023,NN,023,Tone->Tone,FM,5.00,,5.0W,,,,,
401,AAR048,160.830000,,0.000000,,88.5,88.5,023,NN,023,Tone->Tone,FM,5.00,,5.0W,,,,,
402,AAR049,160.845000,,0.000000,,88.5,88.5,023,NN,023,Tone->Tone,FM,5.00,,5.0W,,,,,
403,AAR050,160.860000,,0.000000,,88.5,88.5,023,NN,023,Tone->Tone,FM,5.00,,5.0W,,,,,
404,AAR051,160.875000,,0.000000,,88.5,88.5,023,NN,023,Tone->Tone,FM,5.00,,5.0W,,,,,
405,AAR052,160.890000,,0.000000,,88.5,88.5,023,NN,023,Tone->Tone,FM,5.00,,5.0W,,,,,
406,AAR053,160.905000,,0.000000,,88.5,88.5,023,NN,023,Tone->Tone,FM,5.00,,5.0W,,,,,
407,AAR054,160.920000,,0.000000,,88.5,88.5,023,NN,023,Tone->Tone,FM,5.00,,5.0W,,,,,
408,AAR055,160.935000,,0.000000,,88.5,88.5,023,NN,023,Tone->Tone,FM,5.00,,5.0W,,,,,
409,AAR056,160.950000,,0.000000,,88.5,88.5,023,NN,023,Tone->Tone,FM,5.00,,5.0W,,,,,
410,AAR057,160.965000,,0.000000,,88.5,88.5,023,NN,023,Tone->Tone,FM,5.00,,5.0W,,,,,
411,AAR058,160.980000,,0.000000,,88.5,88.5,023,NN,023,Tone->Tone,FM,5.00,,5.0W,,,,,
412,AAR059,160.995000,,0.000000,,88.5,88.5,023,NN,023,Tone->Tone,FM,5.00,,5.0W,,,,,
413,AAR060,161.010000,,0.000000,,88.5,88.5,023,NN,023,Tone->Tone,FM,5.00,,5.0W,,,,,
414,AAR061,161.025000,,0.000000,,88.5,88.5,023,NN,023,Tone->Tone,FM,5.00,,5.0W,,,,,
415,AAR062,161.040000,,0.000000,,88.5,88.5,023,NN,023,Tone->Tone,FM,5.00,,5.0W,,,,,
416,AAR063,161.055000,,0.000000,,88.5,88.5,023,NN,023,Tone->Tone,FM,5.00,,5.0W,,,,,
417,AAR064,161.070000,,0.000000,,88.5,88.5,023,NN,023,Tone->Tone,FM,5.00,,5.0W,,,,,
418,AAR065,161.085000,,0.000000,,88.5,88.5,023,NN,023,Tone->Tone,FM,5.00,,5.0W,,,,,
419,AAR066,161.100000,,0.000000,,88.5,88.5,023,NN,023,Tone->Tone,FM,5.00,,5.0W,,,,,
420,AAR067,161.115000,,0.000000,,88.5,88.5,023,NN,023,Tone->Tone,FM,5.00,,5.0W,,,,,
421,AAR068,161.130000,,0.000000,,88.5,88.5,023,NN,023,Tone->Tone,FM,5.00,,5.0W,,,,,
422,AAR069,161.145000,,0.000000,,88.5,88.5,023,NN,023,Tone->Tone,FM,5.00,,5.0W,,,,,
423,AAR070,161.160000,,0.000000,,88.5,88.5,023,NN,023,Tone->Tone,FM,5.00,,5.0W,,,,,
424,AAR071,161.175000,,0.000000,,88.5,88.5,023,NN,023,Tone->Tone,FM,5.00,,5.0W,,,,,
425,AAR072,161.190000,,0.000000,,88.5,88.5,023,NN,023,Tone->Tone,FM,5.00,,5.0W,,,,,
426,AAR073,161.205000,,0.000000,,88.5,88.5,023,NN,023,Tone->Tone,FM,5.00,,5.0W,,,,,
427,AAR074,161.220000,,0.000000,,88.5,88.5,023,NN,023,Tone->Tone,FM,5.00,,5.0W,,,,,
428,AAR075,161.235000,,0.000000,,88.5,88.5,023,NN,023,Tone->Tone,FM,5.00,,5.0W,,,,,
429,AAR076,161.250000,,0.000000,,88.5,88.5,023,NN,023,Tone->Tone,FM,5.00,,5.0W,,,,,
430,AAR077,161.265000,,0.000000,,88.5,88.5,023,NN,023,Tone->Tone,FM,5.00,,5.0W,,,,,
431,AAR078,161.280000,,0.000000,,88.5,88.5,023,NN,023,Tone->Tone,FM,5.00,,5.0W,,,,,
432,AAR079,161.295000,,0.000000,,88.5,88.5,023,NN,023,Tone->Tone,FM,5.00,,5.0W,,,,,
433,AAR080,161.310000,,0.000000,,88.5,88.5,023,NN,023,Tone->Tone,FM,5.00,,5.0W,,,,,
434,AAR081,161.325000,,0.000000,,88.5,88.5,023,NN,023,Tone->Tone,FM,5.00,,5.0W,,,,,
435,AAR082,161.340000,,0.000000,,88.5,88.5,023,NN,023,Tone->Tone,FM,5.00,,5.0W,,,,,
436,AAR083,161.355000,,0.000000,,88.5,88.5,023,NN,023,Tone->Tone,FM,5.00,,5.0W,,,,,
437,AAR084,161.370000,,0.000000,,88.5,88.5,023,NN,023,Tone->Tone,FM,5.00,,5.0W,,,,,
438,AAR085,161.385000,,0.000000,,88.5,88.5,023,NN,023,Tone->Tone,FM,5.00,,5.0W,,,,,
439,AAR086,161.400000,,0.000000,,88.5,88.5,023,NN,023,Tone->Tone,FM,5.00,,5.0W,,,,,
440,AAR087,161.415000,,0.000000,,88.5,88.5,023,NN,023,Tone->Tone,FM,5.00,,5.0W,,,,,
441,AAR088,161.430000,,0.000000,,88.5,88.5,023,NN,023,Tone->Tone,FM,5.00,,5.0W,,,,,
442,AAR089,161.445000,,0.000000,,88.5,88.5,023,NN,023,Tone->Tone,FM,5.00,,5.0W,,,,,
443,AAR090,161.460000,,0.000000,,88.5,88.5,023,NN,023,Tone->Tone,FM,5.00,,5.0W,,,,,
444,AAR091,161.475000,,0.000000,,88.5,88.5,023,NN,023,Tone->Tone,FM,5.00,,5.0W,,,,,
445,AAR092,161.490000,,0.000000,,88.5,88.5,023,NN,023,Tone->Tone,FM,5.00,,5.0W,,,,,
446,AAR093,161.505000,,0.000000,,88.5,88.5,023,NN,023,Tone->Tone,FM,5.00,,5.0W,,,,,
447,AAR094,161.520000,,0.000000,,88.5,88.5,023,NN,023,Tone->Tone,FM,5.00,,5.0W,,,,,
448,AAR095,161.535000,,0.000000,,88.5,88.5,023,NN,023,Tone->Tone,FM,5.00,,5.0W,,,,,
449,AAR096,161.550000,,0.000000,,88.5,88.5,023,NN,023,Tone->Tone,FM,5.00,,5.0W,,,,,
450,AAR097,161.565000,,0.000000,,88.5,88.5,023,NN,023,Tone->Tone,FM,5.00,,5.0W,,,,,
451,AAR107,160.222500,,0.000000,,88.5,88.5,023,NN,023,Tone->Tone,NFM,5.00,,5.0W,,,,,
452,AAR108,160.237500,,0.000000,,88.5,88.5,023,NN,023,Tone->Tone,NFM,5.00,,5.0W,,,,,
453,AAR109,160.252500,,0.000000,,88.5,88.5,023,NN,023,Tone->Tone,NFM,5.00,,5.0W,,,,,
454,AAR110,160.267500,,0.000000,,88.5,88.5,023,NN,023,Tone->Tone,NFM,5.00,,5.0W,,,,,
455,AAR111,160.282500,,0.000000,,88.5,88.5,023,NN,023,Tone->Tone,NFM,5.00,,5.0W,,,,,
456,AAR112,160.297500,,0.000000,,88.5,88.5,023,NN,023,Tone->Tone,NFM,5.00,,5.0W,,,,,
457,AAR113,160.312500,,0.000000,,88.5,88.5,023,NN,023,Tone->Tone,NFM,5.00,,5.0W,,,,,
458,AAR114,160.327500,,0.000000,,88.5,88.5,023,NN,023,Tone->Tone,NFM,5.00,,5.0W,,,,,
459,AAR115,160.342500,,0.000000,,88.5,88.5,023,NN,023,Tone->Tone,NFM,5.00,,5.0W,,,,,
460,AAR116,160.357500,,0.000000,,88.5,88.5,023,NN,023,Tone->Tone,NFM,5.00,,5.0W,,,,,
461,AAR117,160.372500,,0.000000,,88.5,88.5,023,NN,023,Tone->Tone,NFM,5.00,,5.0W,,,,,
462,AAR118,160.387500,,0.000000,,88.5,88.5,023,NN,023,Tone->Tone,NFM,5.00,,5.0W,,,,,
463,AAR119,160.402500,,0.000000,,88.5,88.5,023,NN,023,Tone->Tone,NFM,5.00,,5.0W,,,,,
464,AAR120,160.417500,,0.000000,,88.5,88.5,023,NN,023,Tone->Tone,NFM,5.00,,5.0W,,,,,
465,AAR121,160.432500,,0.000000,,88.5,88.5,023,NN,023,Tone->Tone,NFM,5.00,,5.0W,,,,,
466,AAR122,160.447500,,0.000000,,88.5,88.5,023,NN,023,Tone->Tone,NFM,5.00,,5.0W,,,,,
467,AAR123,160.462500,,0.000000,,88.5,88.5,023,NN,023,Tone->Tone,NFM,5.00,,5.0W,,,,,
468,AAR124,160.477500,,0.000000,,88.5,88.5,023,NN,023,Tone->Tone,NFM,5.00,,5.0W,,,,,
469,AAR125,160.492500,,0.000000,,88.5,88.5,023,NN,023,Tone->Tone,NFM,5.00,,5.0W,,,,,
470,AAR126,160.507500,,0.000000,,88.5,88.5,023,NN,023,Tone->Tone,NFM,5.00,,5.0W,,,,,
471,AAR127,160.522500,,0.000000,,88.5,88.5,023,NN,023,Tone->Tone,NFM,5.00,,5.0W,,,,,
472,AAR128,160.537500,,0.000000,,88.5,88.5,023,NN,023,Tone->Tone,NFM,5.00,,5.0W,,,,,
473,AAR129,160.552500,,0.000000,,88.5,88.5,023,NN,023,Tone->Tone,NFM,5.00,,5.0W,,,,,
474,AAR130,160.567500,,0.000000,,88.5,88.5,023,NN,023,Tone->Tone,NFM,5.00,,5.0W,,,,,
475,AAR131,160.582500,,0.000000,,88.5,88.5,023,NN,023,Tone->Tone,NFM,5.00,,5.0W,,,,,
476,AAR132,160.597500,,0.000000,,88.5,88.5,023,NN,023,Tone->Tone,NFM,5.00,,5.0W,,,,,
477,AAR133,160.612500,,0.000000,,88.5,88.5,023,NN,023,Tone->Tone,NFM,5.00,,5.0W,,,,,
478,AAR134,160.627500,,0.000000,,88.5,88.5,023,NN,023,Tone->Tone,NFM,5.00,,5.0W,,,,,
479,AAR135,160.642500,,0.000000,,88.5,88.5,023,NN,023,Tone->Tone,NFM,5.00,,5.0W,,,,,
480,AAR136,160.657500,,0.000000,,88.5,88.5,023,NN,023,Tone->Tone,NFM,5.00,,5.0W,,,,,
481,AAR137,160.672500,,0.000000,,88.5,88.5,023,NN,023,Tone->Tone,NFM,5.00,,5.0W,,,,,
482,AAR138,160.687500,,0.000000,,88.5,88.5,023,NN,023,Tone->Tone,NFM,5.00,,5.0W,,,,,
483,AAR139,160.702500,,0.000000,,88.5,88.5,023,NN,023,Tone->Tone,NFM,5.00,,5.0W,,,,,
484,AAR140,160.717500,,0.000000,,88.5,88.5,023,NN,023,Tone->Tone,NFM,5.00,,5.0W,,,,,
485,AAR141,160.732500,,0.000000,,88.5,88.5,023,NN,023,Tone->Tone,NFM,5.00,,5.0W,,,,,
486,AAR142,160.747500,,0.000000,,88.5,88.5,023,NN,023,Tone->Tone,NFM,5.00,,5.0W,,,,,
487,AAR143,160.762500,,0.000000,,88.5,88.5,023,NN,023,Tone->Tone,NFM,5.00,,5.0W,,,,,
488,AAR144,160.777500,,0.000000,,88.5,88.5,023,NN,023,Tone->Tone,NFM,5.00,,5.0W,,,,,
489,AAR145,160.792500,,0.000000,,88.5,88.5,023,NN,023,Tone->Tone,NFM,5.00,,5.0W,,,,,
490,AAR146,160.807500,,0.000000,,88.5,88.5,023,NN,023,Tone->Tone,NFM,5.00,,5.0W,,,,,
491,AAR147,160.822500,,0.000000,,88.5,88.5,023,NN,023,Tone->Tone,NFM,5.00,,5.0W,,,,,
492,AAR148,160.837500,,0.000000,,88.5,88.5,023,NN,023,Tone->Tone,NFM,5.00,,5.0W,,,,,
493,AAR149,160.852500,,0.000000,,88.5,88.5,023,NN,023,Tone->Tone,NFM,5.00,,5.0W,,,,,
494,AAR150,160.867500,,0.000000,,88.5,88.5,023,NN,023,Tone->Tone,NFM,5.00,,5.0W,,,,,
495,AAR151,160.882500,,0.000000,,88.5,88.5,023,NN,023,Tone->Tone,NFM,5.00,,5.0W,,,,,
496,AAR152,160.897500,,0.000000,,88.5,88.5,023,NN,023,Tone->Tone,NFM,5.00,,5.0W,,,,,
497,AAR153,160.912500,,0.000000,,88.5,88.5,023,NN,023,Tone->Tone,NFM,5.00,,5.0W,,,,,
498,AAR154,160.927500,,0.000000,,88.5,88.5,023,NN,023,Tone->Tone,NFM,5.00,,5.0W,,,,,
499,AAR155,160.942500,,0.000000,,88.5,88.5,023,NN,023,Tone->Tone,NFM,5.00,,5.0W,,,,,
500,AAR156,160.957500,,0.000000,,88.5,88.5,023,NN,023,Tone->Tone,NFM,5.00,,5.0W,,,,,
501,AAR157,160.972500,,0.000000,,88.5,88.5,023,NN,023,Tone->Tone,NFM,5.00,,5.0W,,,,,
502,AAR158,160.987500,,0.000000,,88.5,88.5,023,NN,023,Tone->Tone,NFM,5.00,,5.0W,,,,,
503,AAR159,161.002500,,0.000000,,88.5,88.5,023,NN,023,Tone->Tone,NFM,5.00,,5.0W,,,,,
504,AAR160,161.017500,,0.000000,,88.5,88.5,023,NN,023,Tone->Tone,NFM,5.00,,5.0W,,,,,
505,AAR161,161.032500,,0.000000,,88.5,88.5,023,NN,023,Tone->Tone,NFM,5.00,,5.0W,,,,,
506,AAR162,161.047500,,0.000000,,88.5,88.5,023,NN,023,Tone->Tone,NFM,5.00,,5.0W,,,,,
507,AAR163,161.062500,,0.000000,,88.5,88.5,023,NN,023,Tone->Tone,NFM,5.00,,5.0W,,,,,
508,AAR164,161.077500,,0.000000,,88.5,88.5,023,NN,023,Tone->Tone,NFM,5.00,,5.0W,,,,,
509,AAR165,161.092500,,0.000000,,88.5,88.5,023,NN,023,Tone->Tone,NFM,5.00,,5.0W,,,,,
510,AAR166,161.107500,,0.000000,,88.5,88.5,023,NN,023,Tone->Tone,NFM,5.00,,5.0W,,,,,
511,AAR167,161.122500,,0.000000,,88.5,88.5,023,NN,023,Tone->Tone,NFM,5.00,,5.0W,,,,,
512,AAR168,161.137500,,0.000000,,88.5,88.5,023,NN,023,Tone->Tone,NFM,5.00,,5.0W,,,,,
513,AAR169,161.152500,,0.000000,,88.5,88.5,023,NN,023,Tone->Tone,NFM,5.00,,5.0W,,,,,
514,AAR170,161.167500,,0.000000,,88.5,88.5,023,NN,023,Tone->Tone,NFM,5.00,,5.0W,,,,,
515,AAR171,161.182500,,0.000000,,88.5,88.5,023,NN,023,Tone->Tone,NFM,5.00,,5.0W,,,,,
516,AAR172,161.197500,,0.000000,,88.5,88.5,023,NN,023,Tone->Tone,NFM,5.00,,5.0W,,,,,
517,AAR173,161.212500,,0.000000,,88.5,88.5,023,NN,023,Tone->Tone,NFM,5.00,,5.0W,,,,,
518,AAR174,161.227500,,0.000000,,88.5,88.5,023,NN,023,Tone->Tone,NFM,5.00,,5.0W,,,,,
519,AAR175,161.242500,,0.000000,,88.5,88.5,023,NN,023,Tone->Tone,NFM,5.00,,5.0W,,,,,
520,AAR176,161.257500,,0.000000,,88.5,88.5,023,NN,023,Tone->Tone,NFM,5.00,,5.0W,,,,,
521,AAR177,161.272500,,0.000000,,88.5,88.5,023,NN,023,Tone->Tone,NFM,5.00,,5.0W,,,,,
522,AAR178,161.287500,,0.000000,,88.5,88.5,023,NN,023,Tone->Tone,NFM,5.00,,5.0W,,,,,
523,AAR179,161.302500,,0.000000,,88.5,88.5,023,NN,023,Tone->Tone,NFM,5.00,,5.0W,,,,,
524,AAR180,161.317500,,0.000000,,88.5,88.5,023,NN,023,Tone->Tone,NFM,5.00,,5.0W,,,,,
525,AAR181,161.332500,,0.000000,,88.5,88.5,023,NN,023,Tone->Tone,NFM,5.00,,5.0W,,,,,
526,AAR182,161.347500,,0.000000,,88.5,88.5,023,NN,023,Tone->Tone,NFM,5.00,,5.0W,,,,,
527,AAR183,161.362500,,0.000000,,88.5,88.5,023,NN,023,Tone->Tone,NFM,5.00,,5.0W,,,,,
528,AAR184,161.377500,,0.000000,,88.5,88.5,023,NN,023,Tone->Tone,NFM,5.00,,5.0W,,,,,
529,AAR185,161.392500,,0.000000,,88.5,88.5,023,NN,023,Tone->Tone,NFM,5.00,,5.0W,,,,,
530,AAR186,161.407500,,0.000000,,88.5,88.5,023,NN,023,Tone->Tone,NFM,5.00,,5.0W,,,,,
531,AAR187,161.422500,,0.000000,,88.5,88.5,023,NN,023,Tone->Tone,NFM,5.00,,5.0W,,,,,
532,AAR188,161.437500,,0.000000,,88.5,88.5,023,NN,023,Tone->Tone,NFM,5.00,,5.0W,,,,,
533,AAR189,161.452500,,0.000000,,88.5,88.5,023,NN,023,Tone->Tone,NFM,5.00,,5.0W,,,,,
534,AAR190,161.467500,,0.000000,,88.5,88.5,023,NN,023,Tone->Tone,NFM,5.00,,5.0W,,,,,
535,AAR191,161.482500,,0.000000,,88.5,88.5,023,NN,023,Tone->Tone,NFM,5.00,,5.0W,,,,,
536,AAR192,161.497500,,0.000000,,88.5,88.5,023,NN,023,Tone->Tone,NFM,5.00,,5.0W,,,,,
537,AAR193,161.512500,,0.000000,,88.5,88.5,023,NN,023,Tone->Tone,NFM,5.00,,5.0W,,,,,
538,AAR194,161.527500,,0.000000,,88.5,88.5,023,NN,023,Tone->Tone,NFM,5.00,,5.0W,,,,,
539,AAR195,161.542500,,0.000000,,88.5,88.5,023,NN,023,Tone->Tone,NFM,5.00,,5.0W,,,,,
540,AAR196,161.557500,,0.000000,,88.5,88.5,023,NN,023,Tone->Tone,NFM,5.00,,5.0W,,,,,
